sigma_p,policy,alpha,delta,mean_profit,ci_low,ci_high,p_loss,mean_loss_given_loss,diff_vs_bh,diff_ci_low,diff_ci_high,beats_bh
0.0,"EMA(alpha=0.1, delta=0.02)",0.1,0.02,-0.002717395834524564,-0.009314706448886663,0.0038799147798375348,0.5848,-0.39039610054799906,-6.739583452454147e-05,-0.0016307258651973432,0.0014959341961482602,False
0.0,"EMA(alpha=0.1, delta=0.05)",0.1,0.05,-0.0004402279895344528,-0.003109668157837245,0.0022292121787683395,0.1181,-0.31658811617191884,0.0022097720104655573,-0.004024080653106962,0.008443624674038076,False
0.0,"EMA(alpha=0.1, delta=0.1)",0.1,0.1,0.0,0.0,0.0,0.0,,0.002650000000000004,-0.0041320836171682635,0.009432083617168272,False
0.0,"EMA(alpha=0.3, delta=0.02)",0.3,0.02,-2.5199166161478993e-05,-0.005521640281845303,0.005471241949522345,0.4229,-0.3717900040124683,0.0026248008338385417,-0.0013515143976389138,0.006601116065315997,False
0.0,"EMA(alpha=0.3, delta=0.05)",0.3,0.05,0.0,0.0,0.0,0.0,,0.002650000000000004,-0.0041320836171682635,0.009432083617168272,False
0.0,"EMA(alpha=0.3, delta=0.1)",0.3,0.1,0.0,0.0,0.0,0.0,,0.002650000000000004,-0.0041320836171682635,0.009432083617168272,False
0.0,"EMA(alpha=0.6, delta=0.02)",0.6,0.02,1.0410060389736308e-05,-5.21959995713908e-05,7.301612035086341e-05,5e-05,-0.33546511565787307,0.0026604100603897403,-0.004121309773308606,0.009442129894088085,False
0.0,"EMA(alpha=0.6, delta=0.05)",0.6,0.05,0.0,0.0,0.0,0.0,,0.002650000000000004,-0.0041320836171682635,0.009432083617168272,False
0.0,"EMA(alpha=0.6, delta=0.1)",0.6,0.1,0.0,0.0,0.0,0.0,,0.002650000000000004,-0.0041320836171682635,0.009432083617168272,False
0.0,Buy-and-hold,,,-0.002650000000000004,-0.009432083617168272,0.0041320836171682635,0.60265,-0.3999999999999999,0.0,0.0,0.0,False
0.0,Never-trade,,,0.0,0.0,0.0,0.0,,0.002650000000000004,-0.0041320836171682635,0.009432083617168272,False
0.01,"EMA(alpha=0.1, delta=0.02)",0.1,0.02,0.007313486959235774,0.0005813283508596971,0.014045645567611852,0.6007,-0.3855798753109408,0.010421252677123837,0.009617350183912658,0.011225155170335016,True
0.01,"EMA(alpha=0.1, delta=0.05)",0.1,0.05,0.0015663085867675351,-0.0025477195977997797,0.00568033677133485,0.2671,-0.32556816580381215,0.004674074304655598,-0.0007252481488201285,0.010073396758131323,False
0.01,"EMA(alpha=0.1, delta=0.1)",0.1,0.1,-2.3726389330523515e-05,-5.6608705677672734e-05,9.1559270166257e-06,0.0001,-0.23726389330523515,0.0030840393285575395,-0.003698230660470769,0.009866309317585848,False
0.01,"EMA(alpha=0.3, delta=0.02)",0.3,0.02,0.008993875558649929,0.002315105694050277,0.01567264542324958,0.59545,-0.38113657094346676,0.012101641276537992,0.01094652739391707,0.013256755159158914,True
0.01,"EMA(alpha=0.3, delta=0.05)",0.3,0.05,-0.0002646861552558884,-0.0005080830173929676,-2.1289293118809246e-05,0.0016,-0.30785374764740575,0.0028430795626321744,-0.003934330923864238,0.009620490049128587,False
0.01,"EMA(alpha=0.3, delta=0.1)",0.3,0.1,0.0,0.0,0.0,0.0,,0.0031077657178880634,-0.003674697463442245,0.00989022889921837,False
0.01,"EMA(alpha=0.6, delta=0.02)",0.6,0.02,0.0007802034193817738,-0.0011389253150889415,0.0026993321538524894,0.0538,-0.34744250824805706,0.003887969137269837,-0.0026179075504313785,0.010393845824971052,False
0.01,"EMA(alpha=0.6, delta=0.05)",0.6,0.05,0.0,0.0,0.0,0.0,,0.0031077657178880634,-0.003674697463442245,0.00989022889921837,False
0.01,"EMA(alpha=0.6, delta=0.1)",0.6,0.1,0.0,0.0,0.0,0.0,,0.0031077657178880634,-0.003674697463442245,0.00989022889921837,False
0.01,Buy-and-hold,,,-0.0031077657178880634,-0.00989022889921837,0.003674697463442245,0.60305,-0.40006557515861135,0.0,0.0,0.0,False
0.01,Never-trade,,,0.0,0.0,0.0,0.0,,0.0031077657178880634,-0.003674697463442245,0.00989022889921837,False
0.02,"EMA(alpha=0.1, delta=0.02)",0.1,0.02,0.02438137874817056,0.017598771696681066,0.03116398579966005,0.5987,-0.3755514587053402,0.023268929908166258,0.022817876474468677,0.02371998334186384,True
0.02,"EMA(alpha=0.1, delta=0.05)",0.1,0.05,0.03267901357698174,0.0264914101222179,0.03886661703174558,0.52025,-0.3447817352011219,0.03156656473697743,0.028724092858850213,0.034409036615104645,True
0.02,"EMA(alpha=0.1, delta=0.1)",0.1,0.1,0.0005144771395643211,-0.00010203911317687039,0.0011309933923055126,0.0063,-0.25429246806400807,-0.0005979717004399816,-0.007374463697154839,0.006178520296274876,False
0.02,"EMA(alpha=0.3, delta=0.02)",0.3,0.02,0.025926168344093548,0.01914617155689608,0.032706165131291015,0.59875,-0.37390066846540587,0.02481371950408924,0.024371067943927724,0.025256371064250757,True
0.02,"EMA(alpha=0.3, delta=0.05)",0.3,0.05,0.013639942103390246,0.010352387329005862,0.01692749687777463,0.14865,-0.31807375066151444,0.012527493263385942,0.006546713343936128,0.018508273182835756,True
0.02,"EMA(alpha=0.3, delta=0.1)",0.3,0.1,0.0,0.0,0.0,0.0,,-0.0011124488400043031,-0.007915089413474527,0.005690191733465921,False
0.02,"EMA(alpha=0.6, delta=0.02)",0.6,0.02,0.03424127881676718,0.027674582509483476,0.04080797512405089,0.56885,-0.35872665047902486,0.033128829976762884,0.03137593056475054,0.03488172938877523,True
0.02,"EMA(alpha=0.6, delta=0.05)",0.6,0.05,-3.23677781362557e-05,-7.737140373841966e-05,1.2635847465908264e-05,0.0001,-0.323677781362557,-0.0011448166181405586,-0.007947254116061838,0.005657620879780722,False
0.02,"EMA(alpha=0.6, delta=0.1)",0.6,0.1,0.0,0.0,0.0,0.0,,-0.0011124488400043031,-0.007915089413474527,0.005690191733465921,False
0.02,Buy-and-hold,,,0.0011124488400043031,-0.005690191733465921,0.007915089413474527,0.59875,-0.40036357845827963,0.0,0.0,0.0,False
0.02,Never-trade,,,0.0,0.0,0.0,0.0,,-0.0011124488400043031,-0.007915089413474527,0.005690191733465921,False
0.05,"EMA(alpha=0.1, delta=0.02)",0.1,0.02,0.05135805821492476,0.044540399361799606,0.05817571706804991,0.5969,-0.3515809803241986,0.04882791096439597,0.04820380059753723,0.0494520213312547,True
0.05,"EMA(alpha=0.1, delta=0.05)",0.1,0.05,0.06947967236943074,0.06266869142825565,0.07629065331060583,0.5969,-0.33306737987424756,0.06694952511890197,0.06630042309249203,0.06759862714531191,True
0.05,"EMA(alpha=0.1, delta=0.1)",0.1,0.1,0.09381206894830932,0.08743923531367755,0.10018490258294109,0.53635,-0.28559438813052357,0.09128192169778053,0.08866308602242924,0.09390075737313182,True
0.05,"EMA(alpha=0.3, delta=0.02)",0.3,0.02,0.04822731924015512,0.04141106988056637,0.055043568599743874,0.5969,-0.3547052406738664,0.04569717198962634,0.04501042859406464,0.04638391538518804,True
0.05,"EMA(alpha=0.3, delta=0.05)",0.3,0.05,0.07458602291679813,0.06777951401460633,0.08139253181898992,0.5969,-0.3276815654961707,0.07205587566626935,0.07131122221731498,0.07280052911522372,True
0.05,"EMA(alpha=0.3, delta=0.1)",0.3,0.1,0.05364568303507515,0.049124480479161015,0.05816688559098929,0.2689,-0.2585962285225889,0.051115535784546355,0.04580558814496356,0.05642548342412915,True
0.05,"EMA(alpha=0.6, delta=0.02)",0.6,0.02,0.05379593500344707,0.04698223819919278,0.06060963180770136,0.5969,-0.34895054478472887,0.0512657877529183,0.05049564625125051,0.05203592925458608,True
0.05,"EMA(alpha=0.6, delta=0.05)",0.6,0.05,0.08895072616844875,0.08258624539468985,0.09531520694220764,0.52835,-0.2946285002406053,0.08642057891791996,0.08378445503901778,0.08905670279682214,True
0.05,"EMA(alpha=0.6, delta=0.1)",0.6,0.1,0.0003935490633819264,3.055113986545849e-05,0.0007565469868983944,0.00165,-0.22635272433945716,-0.0021365981871468583,-0.008963025499407274,0.004689829125113558,False
0.05,Buy-and-hold,,,0.0025301472505287847,-0.004304106810074546,0.009364401311132116,0.5969,-0.4006326459850766,0.0,0.0,0.0,False
0.05,Never-trade,,,0.0,0.0,0.0,0.0,,-0.0025301472505287847,-0.009364401311132116,0.004304106810074546,False
0.08,"EMA(alpha=0.1, delta=0.02)",0.1,0.02,0.0711830502938564,0.06434887331218198,0.07801722727553081,0.6,-0.3282691115945221,0.07110290607469935,0.07012066567558657,0.07208514647381213,True
0.08,"EMA(alpha=0.1, delta=0.05)",0.1,0.05,0.08928198908688958,0.08244792412134158,0.09611605405243759,0.6,-0.3103902568856987,0.08920184486773255,0.08824652380945555,0.09015716592600956,True
0.08,"EMA(alpha=0.1, delta=0.1)",0.1,0.1,0.12279542732045289,0.11597858363284569,0.12961227100806008,0.6,-0.27607502847115506,0.12271528310129584,0.12171722634102597,0.12371333986156571,True
0.08,"EMA(alpha=0.3, delta=0.02)",0.3,0.02,0.06440507962513597,0.05757223063993308,0.07123792861033887,0.6,-0.3351135701127659,0.06432493540597893,0.06322900777682562,0.06542086303513224,True
0.08,"EMA(alpha=0.3, delta=0.05)",0.3,0.05,0.08789973772073681,0.08107023170946748,0.09472924373200614,0.6,-0.3117209099061088,0.08781959350157977,0.08674541215758046,0.08889377484557907,True
0.08,"EMA(alpha=0.3, delta=0.1)",0.3,0.1,0.1386107713231793,0.13181940655414268,0.14540213609221594,0.5981,-0.2587441481982239,0.13853062710402228,0.13727587501160282,0.13978537919644174,True
0.08,"EMA(alpha=0.6, delta=0.02)",0.6,0.02,0.06613294333268939,0.05929991349847821,0.07296597316690057,0.6,-0.3333831077084818,0.06605279911353235,0.06485843967327483,0.06724715855378986,True
0.08,"EMA(alpha=0.6, delta=0.05)",0.6,0.05,0.11088778841770189,0.10406255722234685,0.11771301961305693,0.6,-0.28823712884044655,0.11080764419854486,0.1095450331665099,0.11207025523057981,True
0.08,"EMA(alpha=0.6, delta=0.1)",0.6,0.1,0.07152345364946547,0.06717260527869126,0.07587430202023968,0.23125,-0.19890284798748917,0.07144330943030842,0.06576963049495858,0.07711698836565826,True
0.08,Buy-and-hold,,,8.014421915704482e-05,-0.006804709571852106,0.006964998010166196,0.6,-0.40020919095150004,0.0,0.0,0.0,False
0.08,Never-trade,,,0.0,0.0,0.0,0.0,,-8.014421915704482e-05,-0.006964998010166196,0.006804709571852106,False
0.12,"EMA(alpha=0.1, delta=0.02)",0.1,0.02,0.10461289676137542,0.09769887812330148,0.11152691539944935,0.5984,-0.2968456427695257,0.10308950215675973,0.10162211058860515,0.10455689372491431,True
0.12,"EMA(alpha=0.1, delta=0.05)",0.1,0.05,0.121434830400854,0.11452868133784361,0.12834097946386439,0.5984,-0.2799607790848062,0.11991143579623831,0.11848846931046401,0.1213344022820126,True
0.12,"EMA(alpha=0.1, delta=0.1)",0.1,0.1,0.15310498415184812,0.14621206051839855,0.15999790778529768,0.5984,-0.2483006194821052,0.15158158954723241,0.15020235513126654,0.1529608239631983,True
0.12,"EMA(alpha=0.3, delta=0.02)",0.3,0.02,0.09317264858777766,0.0862664447066905,0.10007885246886482,0.5984,-0.30806246167435186,0.09164925398316195,0.09001220182110004,0.09328630614522387,True
0.12,"EMA(alpha=0.3, delta=0.05)",0.3,0.05,0.11425647189021387,0.1073535183628442,0.12115942541758355,0.5984,-0.2874151251940041,0.11273307728559821,0.11114136232456827,0.11432479224662816,True
0.12,"EMA(alpha=0.3, delta=0.1)",0.3,0.1,0.15835434497891296,0.1514783709680195,0.16523031898980642,0.5984,-0.24264921025223754,0.1568309503742973,0.1552472520591146,0.15841464868948002,True
0.12,"EMA(alpha=0.6, delta=0.02)",0.6,0.02,0.08951230659345745,0.08260499508332839,0.09641961810358651,0.5984,-0.3117275775289948,0.08798891198884176,0.08620343099235928,0.08977439298532425,True
0.12,"EMA(alpha=0.6, delta=0.05)",0.6,0.05,0.1297576741865052,0.12286232032662235,0.13665302804638804,0.5984,-0.27165883539628854,0.1282342795818895,0.1264654487083111,0.13000311045546786,True
0.12,"EMA(alpha=0.6, delta=0.1)",0.6,0.1,0.20757669762928116,0.20076340435956627,0.21438999089899605,0.5916,-0.18916514307294818,0.20605330302466546,0.20401660413801267,0.20809000191131824,True
0.12,Buy-and-hold,,,0.001523394604615687,-0.0054893696807957505,0.008536158890027125,0.5984,-0.4013350278793404,0.0,0.0,0.0,False
0.12,Never-trade,,,0.0,0.0,0.0,0.0,,-0.001523394604615687,-0.008536158890027125,0.0054893696807957505,False
